MLBID,MLBNAME
430911,David Aardsma
472551,Fernando Abad
676265,Cory Abbott
682928,CJ Abrams
656061,Albert Abreu
110029,Bobby Abreu
650556,Bryan Abreu
547989,Jose Abreu
473234,Tony Abreu
435618,Jeremy Accardo
469686,Alfredo Aceves
642758,Domingo Acevedo
554429,Dustin Ackley
660670,Ronald Acuna
542436,Cristhian Adames
642715,Willy Adames
613534,Austin Adams
664856,Chance Adams
458691,David Adams
572669,Lane Adams
571431,Matt Adams
430606,Mike Adams
656181,Spencer Adams
451192,Jim Adduci
666176,Jo Adell
534947,Tim Adleman
501303,Ehire Adrianza
346793,Jeremy Affeldt
642607,Dario Agrazal
542583,Jesus Aguilar
605113,Nick Ahmed
656184,Brady Aiken
673451,Shogo Akiyama
669211,Keegan Akin
452027,Andrew Albers
593643,Hanser Alberto
458006,Matt Albers
645277,Ozzie Albies
456379,Al Alburquerque
660896,Jorge Alcala
570489,Arismendy Alcantara
645261,Sandy Alcantara
622505,Victor Alcantara
518397,Scott Alexander
641302,Tyler Alexander
595751,Jorge Alfaro
546990,Anthony Alford
663465,Kolby Allard
664119,Austin Allen
592102,Cody Allen
656185,Greg Allen
663531,Logan Allen
501659,Abraham Almonte
622075,Yency Almonte
501660,Zoilo Almonte
546991,Albert Almora
624413,Pete Alonso
475174,Yonder Alonso
656186,Dan Altavilla
571437,Aaron Altherr
514888,Jose Altuve
506693,Henderson Alvarez
501625,Jose Alvarez
621237,Jose Alvarado
476883,Pedro Alvarez
665751,Yadier Alvarez
670541,Yordan Alvarez
640470,Adbert Alzolay
506560,Alexi Amarista
459932,Hector Ambriz
474463,Brett Anderson
457762,Bryan Anderson
605119,Brian Anderson
502624,Chase Anderson
594736,Cody Anderson
666120,Ian Anderson
605121,Justin Anderson
502249,Lars Anderson
623433,Nick Anderson
641312,Shaun Anderson
641313,Tim Anderson
542881,Tyler Anderson
435180,Robert Andino
607430,John Andreoli
542882,Matt Andriese
462101,Elvis Andrus
609280,Miguel Andujar
150449,Rick Ankiel
542883,Dean Anna
622088,Tejay Antone
493114,Norichika Aoki
571446,Mark Appel
606157,Aristides Aquino
644364,Victor Arano
660620,Jonathan Arauz
502042,Chris Archer
516472,Francisco Arcia
606115,Orlando Arcia
542455,Oswaldo Arcia
571448,Nolan Arenado
450317,J.P. Arencibia
435078,Joaquin Arias
660494,Rogelio Armenteros
542888,Shawn Armstrong
668227,Randy Arozarena
650333,Luis Arraez
461766,Jose Arredondo
453562,Jake Arrieta
276520,Bronson Arroyo
624414,Christian Arroyo
600858,Humberto Arteaga
605125,Cody Asche
594742,Alec Asher
553902,Willians Astudillo
641319,Carlos Asuaje
425786,Scott Atchison
425548,Garrett Atkins
518418,Phillippe Aumont
592122,Tyler Austin
542897,Xavier Avery
488671,Alex Avila
501593,Luis Avilan
449107,Mike Aviles
518420,Dylan Axelrod
446099,John Axford
425646,Luis Ayala
430947,Erick Aybar
488674,Burke Badenhop
664056,Harrison Bader
595879,Javier Baez
673258,Michel Baez
520980,Pedro Baez
457732,Andrew Bailey
669064,Brandon Bailey
456701,Homer Bailey
425557,Jeff Baker
434633,John Baker
435044,Scott Baker
666364,Jordan Balazovic
444446,Collin Balester
346797,Grant Balfour
607455,Anthony Banda
542908,Jett Bandy
544365,Manny Banuelos
150148,Rod Barajas
453268,Daniel Bard
572703,Luke Bard
605130,Scott Barlow
425549,Clint Barmes
605131,Austin Barnes
488681,Brandon Barnes
446381,Darwin Barney
592130,Danny Barnes
606930,Jacob Barnes
598264,Matt Barnes
488683,Scott Barnes
501817,Tony Barnette
571466,Tucker Barnhart
607457,Kyle Barraclough
502578,Aaron Barrett
620439,Franklin Barreto
545332,Jake Barrett
642545,Jaime Barria
663698,Joey Bart
430583,Jason Bartlett
435558,Daric Barton
542914,Anthony Bass
605135,Chris Bassitt
455374,Antonio Bastardo
110683,Miguel Batista
641343,Jake Bauers
545333,Trevor Bauer
430832,Jose Bautista
622441,Rafael Bautista
488689,Mike Baxter
424726,Jason Bay
669358,Shane Baz
545404,Brandon Beachy
607461,Matt Beaty
518444,Blake Beavan
444447,Chad Beck
571476,Chris Beck
277417,Josh Beckett
493596,Gordon Beckham
542921,Tim Beckham
407853,Erik Bedard
592135,Cam Bedrosian
595881,Tyler Beede
656222,Jalen Beeks
542923,Dallas Beeler
666179,Seth Beer
279571,Matt Belisle
430613,Ronald Belisario
542924,Jeff Beliveau
518445,Chad Bell
425514,Heath Bell
641355,Cody Bellinger
605137,Josh Bell
502102,Duane Below
474832,Brandon Belt
134181,Adrian Beltre
136860,Carlos Beltran
621532,Anthony Bemboom
643217,Andrew Benintendi
276542,Joaquin Benoit
501994,Joe Benson
548357,Christian Bergman
204020,Lance Berkman
465668,Roger Bernadina
621244,Jose Berrios
450641,Quintin Berry
542932,Jon Berti
476454,Dellin Betances
429783,Rafael Betancourt
435358,Yuniesky Betancourt
400140,Wilson Betemit
542194,Christian Bethancourt
518452,Chad Bettis
605141,Mookie Betts
607352,Joe Biagini
488703,Jeff Bianchi
502212,Austin Bibens-Dirkx
666182,Bo Bichette
592145,Jesse Biddle
669456,Shane Bieber
656232,Brandon Bielak
624415,Cavan Biggio
451532,Chad Billingsley
595885,Greg Bird
623323,Braden Bishop
444448,Brian Bixler
621389,Ty Blach
453568,Charlie Blackmon
607185,Clayton Blackburn
448147,Nick Blackburn
621112,Paul Blackburn
605143,Ray Black
429715,Travis Blackley
502195,Vic Black
594760,Aaron Blair
232694,Casey Blake
433217,Andres Blanco
453923,Gregor Blanco
111072,Henry Blanco
607468,Alex Blandino
452035,Kyle Blanks
430599,Joe Blanton
518466,Jabari Blash
542947,Richard Bleier
460283,Jerry Blevins
217100,Willie Bloomquist
453269,Brennan Boesch
593428,Xander Bogaerts
459939,Mitchell Boggs
460131,Brian Bogusevic
664761,Alec Bohm
502211,Mike Bolsinger
425827,Jeremy Bonderman
466988,Emilio Bonifacio
593528,Jorge Bonifacio
474865,Julio Borbon
621366,Ryan Borucki
400268,J.C. Boscan
623520,David Bote
430652,Jason Bourgeois
488721,Peter Bourjos
571506,Justin Bour
456422,Michael Bourn
476601,Michael Bowden
621199,Matt Bowman
502202,Brad Boxberger
571510,Matt Boyd
430641,Blaine Boyer
542960,Brad Brach
611093,Silvino Bracho
460284,Dallas Braden
607473,Chasen Bradford
605151,Archie Bradley
656252,Bobby Bradley
598265,Jackie Bradley Jr.
150396,Milton Bradley
488726,Michael Brantley
542963,Rob Brantly
137140,Russell Branyan
518489,Ryan Brasier
643230,Steven Brault
460075,Ryan Braun
605154,John Brebbia
608324,Alex Bregman
592165,Brandon Brennan
444520,Craig Breslow
605155,Colten Brewer
592169,Austin Brice
593993,Jose Briceno
592170,Parker Bridwell
656257,Jeff Brigham
458582,Reid Brignac
621446,Lewis Brinson
593647,Socrates Brito
502154,Zach Britton
605156,Aaron Brooks
670712,Michael Brosseau
571521,Rex Brothers
518500,Andrew Brown
446135,Barret Browning
502126,Domonic Brown
518502,Gary Brown
664913,Seth Brown
623143,Trevor Brown
455009,Jonathan Broxton
542979,Keon Broxton
664141,JT Brubaker
457803,Jay Bruce
595144,Jaycob Brugman
660644,Vidal Brujan
592178,Kris Bryant
663460,Kris Bubic
571527,David Buchanan
453329,Clay Buchholz
488748,Ryan Buchter
407833,John Buck
621111,Walker Buehler
279824,Mark Buehrle
518516,Madison Bumgarner
607481,Aaron Bummer
605164,Dylan Bundy
595897,Nick Burdi
669394,Jake Burger
542609,Enrique Burgos
457566,Greg Burke
150359,A.J. Burnett
488751,Alex Burnett
669203,Corbin Burnes
430634,Sean Burnett
542993,Billy Burns
150100,Pat Burrell
663366,Beau Burrows
454537,Jared Burton
456713,Matt Bush
460077,Drew Butera
456714,Billy Butler
572750,Eddie Butler
542994,Joey Butler
621142,Ty Buttrey
621439,Byron Buxton
136263,Tim Byrdak
407781,Marlon Byrd
452678,Asdrubal Cabrera
665795,Edward Cabrera
465784,Everth Cabrera
650893,Genesis Cabrera
606291,Mauricio Cabrera
466320,Melky Cabrera
408234,Miguel Cabrera
111851,Orlando Cabrera
502239,Trevor Cahill
456715,Lorenzo Cain
430912,Matt Cain
594777,Kole Calhoun
641432,Willie Calhoun
430948,Alberto Callaspo
622666,Johan Camargo
663662,Daz Cameron
111904,Mike Cameron
491708,Arquimedes Caminero
542999,Tony Campana
493472,Eric Campbell
425861,Shawn Camp
669134,Luis Campusano
600869,Jeimer Candelario
592192,Mark Canha
656288,Griffin Canning
429664,Robinson Cano
408305,Jorge Cantu
444453,Russ Canzler
605169,Carter Capps
448165,Matt Capps
425626,Chris Capuano
605170,Victor Caratini
502133,Adrian Cardenas
506924,Stephen Cardullo
446398,Andrew Carignan
641438,Shane Carle
666185,Dylan Carlson
433584,Fausto Carmona
502165,Andrew Carpenter
112020,Chris Carpenter
452764,Chris Carpenter
502304,David Carpenter
518526,David Carpenter
572761,Matt Carpenter
543001,Ryan Carpenter
455077,Mike Carp
471911,Carlos Carrasco
425647,D.J. Carrasco
485567,Ezequiel Carrera
468528,Joel Carreno
425206,Jamey Carroll
518533,Robert Carson
474892,Chris Carter
592200,Curt Casali
488768,Andrew Cashner
458210,Alexi Casilla
433586,Santiago Casilla
445001,Bobby Cassevah
543008,Alex Castellanos
592206,Nicholas Castellanos
624418,Ryan Castellani
650895,Diego Castillo
620454,Jose Castillo
622491,Luis Castillo
628329,Rusney Castillo
456078,Welington Castillo
605612,Harold Castro
488771,Jason Castro
612434,Miguel Castro
516770,Starlin Castro
650489,Willi Castro
595909,Jake Cave
656302,Dylan Cease
594555,Garin Cecchini
608325,Gavin Cecchini
446399,Brett Cecil
430592,Ronny Cedeno
458584,Xavier Cedeno
518542,Juan Centeno
465041,Francisco Cervelli
493316,Yoenis Cespedes
570666,Luis Cessa
468504,Jhoulys Chacin
605177,Andrew Chafin
518545,Adron Chambers
501955,Joba Chamberlain
644374,Yu Chang
547973,Aroldis Chapman
656305,Matt Chapman
608638,J.T. Chargois
543022,Tyler Chatwood
346795,Endy Chavez
136767,Eric Chavez
445926,Jesse Chavez
656308,Michael Chavis
136600,Bruce Chen
612672,Wei-Yin Chen
455139,Robinson Chirinos
630023,Yonny Chirinos
502082,Lonnie Chisenhall
665862,Jazz Chisholm
329092,Randy Choate
574831,Michael Choice
596847,Ji-Man Choi
425783,Shin-Soo Choo
425562,Vinnie Chulk
643256,Adam Cimber
571561,Tony Cingrani
465674,Pedro Ciriaco
518553,Steve Cishek
542585,Jose Cisnero
624419,Nick Ciuffo
650644,Aaron Civale
664199,Taylor Clarke
661403,Emmanuel Clase
592222,Alex Claudio
459943,Jeff Clement
518560,Paul Clemens
521055,Maikel Cleto
502182,Steve Clevenger
605182,Mike Clevinger
461325,Tyler Clippard
543031,Tyler Cloyd
605183,Jason Coats
502171,Alex Cobb
621129,Kyle Cody
445193,Robert Coello
458085,Chris Coghlan
457435,Phil Coke
499624,Chris Colabello
595918,A.J. Cole
543037,Gerrit Cole
543038,Dusty Coleman
488786,Louis Coleman
518566,Taylor Cole
525768,Tim Collins
607385,Tyler Collins
641470,Zack Collins
518567,Josh Collmenter
517008,Alex Colome
112526,Bartolo Colon
518568,Christian Colon
502125,Tyler Colvin
624424,Michael Conforto
474233,Hank Conger
543045,Adam Conley
468429,Jose Constanza
425747,Jose Contreras
575929,Willson Contreras
661388,William Contreras
346871,Aaron Cook
475857,Ryan Cook
608641,Tim Cooney
476036,David Cooper
643265,Garrett Cooper
571578,Patrick Corbin
150188,Francisco Cordero
614173,Franchy Cordero
622772,Jimmy Cordero
641477,Ryan Cordell
642707,Allen Cordoba
449786,Carlos Corporan
621043,Carlos Correa
429781,Kevin Correia
641482,Nestor Cortes Jr.
543054,Jarred Cosart
453068,Mike Costanzo
571584,Caleb Cotham
605194,Jharel Cotton
425840,Neal Cotts
543056,Daniel Coulombe
592229,Dylan Covey
592230,Kaleb Cowart
518577,Collin Cowgill
543059,Zack Cox
446359,Zack Cozart
622226,Dylan Cozens
501800,Allen Craig
430884,Jesse Crain
572788,Tyler Cravy
543063,Brandon Crawford
408307,Carl Crawford
457751,Evan Crawford
641487,J.P. Crawford
592233,Stefan Crichton
605195,Kyle Crick
424825,Coco Crisp
676979,Garrett Crochet
543068,C.J. Cron
630105,Jake Cronenworth
605196,Kevin Cron
518582,Casey Crosby
543070,Aaron Crow
460067,Trevor Crowe
458501,Luis Cruz
443558,Nelson Cruz
665833,Oneil Cruz
462480,Rhiner Cruz
488810,Tony Cruz
150212,Michael Cuddyer
456501,Johnny Cueto
571595,Noel Cuevas
518586,Charlie Culberson
592238,Brandon Cumpton
592239,Todd Cunningham
595928,John Curtiss
400091,Jack Cust
596144,Cheslor Cuthbert
621311,David Dahl
666915,Bobby Dalbec
113028,Johnny Damon
433579,John Danks
458668,Jordan Danks
488818,Chase d'Arnaud
518595,Travis d'Arnaud
543083,James Darnell
506433,Yu Darvish
571602,Matt Davidson
434678,Kyle Davies
605200,Zach Davies
448801,Chris Davis
150277,Doug Davis
477195,Ike Davis
664041,Jaylin Davis
605204,J.D. Davis
641505,Jonathan Davis
501981,Khris Davis
434658,Rajai Davis
451584,Wade Davis
594795,Grant Dayton
602074,Yonathan Daza
621573,Austin Dean
457477,Alejandro De Aza
543094,Jaff Decker
465679,Samuel Deduno
518603,Justin De Fratus
594798,Jacob deGrom
430203,David DeJesus
474443,Ivan De Jesus
608328,Chase De Jong
657557,Paul DeJong
447755,Steve Delabar
451773,Dane De La Rosa
523989,Rubby De La Rosa
592254,Jose De Leon
517414,Randall Delgado
547170,Nicky Delmonico
660853,Enyel De Los Santos
501745,Fautino De Los Santos
491688,Enerio Del Rosario
641513,Travis Demeritte
133225,Ryan Dempster
544925,Matt den Dekker
456121,Chris Denorfia
136660,Mark DeRosa
518614,Daniel Descalso
543101,Anthony DeSclafani
592261,Delino DeShields
435622,Ian Desmond
628333,Odrisamer Despaigne
672282,Reid Detmers
446321,Ross Detwiler
606965,Chris Devenski
646240,Rafael Devers
453301,Cole DeVries
455088,Blake DeWitt
539438,Scott Diamond
649557,Aledmys Diaz
621242,Edwin Diaz
553869,Elias Diaz
656371,Isan Diaz
545064,Jairo Diaz
501726,Juan Diaz
471822,Jumbo Diaz
650331,Lewin Diaz
429841,Matt Diaz
650490,Yandy Diaz
666783,Yusniel Diaz
543105,Alex Dickerson
447736,Chris Dickerson
572816,Corey Dickerson
285079,R.A. Dickey
505447,Brandon Dickson
518617,Jake Diekman
518618,Derek Dietrich
594694,Wilmer Difo
457422,Tim Dillard
664926,Nick Dini
543108,Andy Dirks
641525,Brandon Dixon
425785,Greg Dobbs
677976,Randy Dobnak
503569,Rafael Dolis
518625,Matt Dominguez
622554,Seranthony Dominguez
453228,Jason Donald
518626,Josh Donaldson
448281,Sean Doolittle
136734,Octavio Dotel
467094,Felix Doubront
425491,Ryan Doumit
445153,Darin Downs
669023,Jeter Downs
453303,Matt Downs
275933,Scott Downs
572821,Brian Dozier
641531,Hunter Dozier
475138,Kyle Drabek
543118,Oliver Drake
136770,J.D. Drew
452220,Stephen Drew
592273,Brandon Drury
643289,Mauricio Dubon
407113,Justin Duchscherer
446263,Lucas Duda
488846,Brian Duensing
608648,Tyler Duffey
518633,Danny Duffy
622110,Matt Duffy
621453,Steven Duggar
667498,Robert Dugger
435043,Zach Duke
623430,Ryan Dull
455167,Shelley Duncan
276055,Adam Dunn
641540,Dane Dunning
643290,Justin Dunn
445197,Mike Dunn
641541,Jon Duplantier
680776,Jarren Duran
239795,Chad Durbin
594807,Adam Duvall
502481,Jarrod Dyson
473879,Sam Dyson
594809,Adam Eaton
275930,David Eckstein
572831,Josh Edgin
669242,Tommy Edman
113744,Jim Edmonds
605218,Carl Edwards Jr.
621107,Zach Eflin
518649,Brett Eibner
595191,Jerad Eickhoff
455092,Scott Elbert
606273,Roenis Elias
454560,A.J. Ellis
407885,Mark Ellis
453056,Jacoby Ellsbury
518653,Jake Elmore
518655,John Ely
429665,Edwin Encarnacion
641553,Adam Engel
446264,Barry Enright
543135,Nathan Eovaldi
543136,Cody Eppley
572362,Robbie Erlin
640447,Phil Ervin
444876,Alcides Escobar
500871,Eduardo Escobar
488862,Yunel Escobar
664045,Tom Eshelman
659262,Anderson Espinoza
457787,Danny Espinosa
608032,Carlos Estevez
462136,Marco Estrada
642731,Thairo Estrada
444843,Andre Ethier
663770,Demarcus Evans
458701,Luis Exposito
664126,Pete Fairbanks
458252,Irving Falu
544727,Jeurys Familia
607188,Jacob Faria
571656,Buck Farmer
571657,Kyle Farmer
150035,Kyle Farnsworth
543144,Danny Farquhar
456544,Eric Farris
605227,Taylor Featherston
607200,Erick Fedde
543148,Tim Federowicz
444857,Scott Feldman
408230,Pedro Feliciano
593140,Michael Feliz
491703,Neftali Feliz
657571,Caleb Ferguson
605228,Jose Fernandez
628336,Jose Miguel Fernandez
518674,Chuckie Fick
451661,Josh Fields
608654,Johnny Field
425902,Prince Fielder
502272,Casey Fien
571666,Mike Fiers
543155,Stephen Fife
408210,Chone Figgins
471896,Pedro Figueroa
641571,Heath Fillmyer
605232,Brandon Finnegan
605233,Derek Fisher
450729,Doug Fister
656427,Jack Flaherty
475247,Ryan Flaherty
676596,Josh Fleming
664058,David Fletcher
435520,Jesus Flores
570717,Ramon Flores
527038,Wilmer Flores
465753,Pedro Florimon
571670,Dylan Floro
452095,Tyler Flowers
425856,Gavin Floyd
543169,Brian Flynn
592314,Mike Foltynewicz
521655,Wilmer Font
217915,Lew Ford
645801,Mike Ford
523253,Logan Forsythe
641582,Matt Foster
451594,Dexter Fowler
641583,Dustin Fowler
665650,Lucius Fox
641584,Jake Fraley
450204,Ben Francisco
407911,Frank Francisco
433585,Jeff Francis
425796,Jeff Francoeur
464433,Juan Francisco
596748,Maikel Franco
664034,Ty France
677551,Wander Franco
435623,Kevin Frandsen
545338,Nick Franklin
211041,Ryan Franklin
430630,Jason Frasor
624428,Adam Frazier
640449,Clint Frazier
453943,Todd Frazier
607536,Kyle Freeland
518692,Freddie Freeman
502273,Mike Freeman
518693,Sam Freeman
671289,Tyler Freeman
501896,David Freese
571679,David Freitas
516910,Carlos Frias
543184,Christian Friedrich
608331,Max Fried
457117,Ernesto Frieri
605240,Jace Fry
643316,Paul Fry
150118,Brian Fuentes
658069,Josh Fuentes
571681,Reymond Fuentes
493117,Kyuji Fujikawa
493120,Kosuke Fukudome
453539,Sam Fuld
608334,Carson Fullmer
605242,Michael Fulmer
518703,Charlie Furbush
279577,Rafael Furcal
451482,Armando Galarraga
595956,Cam Gallagher
451596,Yovani Gallardo
606149,Giovanny Gallegos
668678,Zac Gallen
543194,Isaac Galloway
608336,Joey Gallo
520471,Freddy Galvis
592325,Ben Gamel
451143,Mat Gamel
607231,John Gant
611177,Adonis Garcia
666969,Adolis Garcia
571685,Anthony Garcia
605244,Aramis Garcia
541645,Avisail Garcia
650530,Bryan Garcia
451600,Christian Garcia
665620,Deivi Garcia
658305,Edgar Garcia
150119,Freddy Garcia
594824,Greg Garcia
448802,Jaime Garcia
606424,Jarlin Garcia
676480,Jose Garcia
544725,Leury Garcia
472610,Luis Garcia
671277,Luis Garcia
596825,Robel Garcia
591994,Willy Garcia
554340,Yimi Garcia
458731,Brett Gardner
279782,Jon Garland
664247,Kyle Garlick
572863,Dustin Garneau
607237,Amir Garrett
666129,Braxton Garrett
641598,Mitch Garver
490063,Matt Garza
594828,Evan Gattis
429985,Chad Gaudin
592332,Kevin Gausman
543208,Sam Gaviglio
518715,Cory Gearrin
518716,Dillon Gee
544993,Steve Geltz
571697,Scooter Gennett
502226,Craig Gentry
595222,Michael Gerber
593334,Domingo German
542674,Gonzalez Germen
460051,Chris Getz
114739,Jason Giambi
543213,Johnny Giavotella
502043,Kyle Gibson
594027,Tayron Guerrero
669302,Logan Gilbert
571704,Ken Giles
543216,Conor Gillaspie
665926,Andres Gimenez
460269,Chris Gimenez
430591,Hector Gimenez
518725,Caleb Gindl
656464,Kevin Ginkel
608337,Lucas Giolito
571710,Mychal Givens
607192,Tyler Glasnow
136267,Troy Glaus
606983,Koda Glover
453232,Graham Godfrey
643327,Zack Godley
595963,Tyler Goeddel
627894,Luiz Gohara
572365,Ryan Goins
502671,Paul Goldschmidt
596295,Austin Gomber
430404,Jonny Gomes
543228,Yan Gomes
460576,Carlos Gomez
491646,Jeanmar Gomez
450855,Mauro Gomez
624427,Stephen Gonsalves
664062,Tony Gonsolin
408236,Adrian Gonzalez
136460,Alex Gonzalez
471868,Alberto Gonzalez
471865,Carlos Gonzalez
592346,Chi Chi Gonzalez
570481,Erik Gonzalez
461829,Gio Gonzalez
503556,Marwin Gonzalez
594835,Marco Gonzales
283166,Michael Gonzalez
456068,Miguel Gonzalez
646057,Miguel Alfredo Gonzalez
605894,Severino Gonzalez
592348,Niko Goodrum
571718,Brian Goodwin
580792,Nick Goody
460086,Alex Gordon
543829,Dee Strange-Gordon
624503,Nick Gordon
669022,MacKenzie Gore
605253,Terrance Gore
571719,Darin Gorski
452733,Tom Gorzelanny
543238,Anthony Gose
488912,Tuffy Gosewisch
605254,Daniel Gossett
594838,Phil Gosselin
641627,Trevor Gott
666971,Lourdes Gurriel
493329,Yulieski Gurriel
594840,Matt Grace
434158,Curtis Granderson
518735,Yasmani Grandal
643335,Zach Granite
660813,Brusdar Graterol
608665,Kendall Graveman
592351,Jon Gray
680686,Josiah Gray
543243,Sonny Gray
643338,Chad Green
641632,Conner Greene
502205,Grant Green
668881,Hunter Greene
682985,Riley Greene
572888,Shane Greene
488919,Taylor Green
460022,Tyler Greene
502381,Luke Gregerson
276514,Kevin Gregg
544369,Didi Gregorius
606988,Grayson Greiner
425844,Zack Greinke
545341,Randal Grichuk
456167,A.J. Griffin
276351,Jason Grilli
518748,Justin Grimm
663757,Trent Grisham
666130,Jay Groome
543257,Robbie Grossman
607229,Robert Gsellman
648717,Alex Guerrero
457915,Javy Guerra
448855,Junior Guerra
407825,Matt Guerrier
605260,Taylor Guerrieri
115223,Vladimir Guerrero
665489,Vladimir Guerrero Jr.
136722,Carlos Guillen
115229,Jose Guillen
641645,Luis Guillorme
594311,Jandel Gustave
425386,Jeremy Guthrie
429711,Franklin Gutierrez
642721,Kelvin Gutierrez
661269,Vladimir Gutierrez
446386,Brandon Guyer
461882,Jesus Guzman
608597,Ronald Guzman
448242,Tony Gwynn
576397,Jedd Gyorko
623352,Josh Hader
400098,Travis Hafner
444935,Nick Hagadone
664059,Sam Haggerty
534910,Jesse Hahn
150020,Jerry Hairston
430668,Scott Hairston
571735,David Hale
136880,Roy Halladay
407849,Bill Hall
664180,Matt Hall
430935,Cole Hamels
571740,Billy Hamilton
285078,Josh Hamilton
434628,Jason Hammel
641658,Garrett Hampson
543272,Brad Hand
571745,Mitch Haniger
452672,Ryan Hanigan
435219,Jack Hannahan
430629,Joel Hanrahan
641662,Alec Hansen
593700,Alen Hanson
462102,Tommy Hanson
664023,Ian Happ
457918,J.A. Happ
421685,Aaron Harang
425848,Rich Harden
543278,Blaine Hardy
429666,J.J. Hardy
429717,Dan Haren
547180,Bryce Harper
607560,Ryne Harper
449173,Lucas Harrell
543281,Josh Harrison
457448,Matt Harrison
656509,Monte Harrison
501789,Will Harris
430611,Corey Hart
664129,Geoff Hartlieb
640451,Hunter Harvey
518774,Matt Harvey
656514,Adam Haseley
572910,Alex Hassan
501822,Chris Hatcher
641672,Thomas Hatch
458704,Reese Havens
115629,LaTroy Hawkins
425547,Brad Hawpe
663647,Ke'Bryan Hayes
669720,Austin Hays
571757,Jeremy Hazelbaker
452104,Chase Headley
592387,Ryon Healy
571760,Andrew Heaney
588751,Adeiny Hechavarria
595978,Austin Hedges
458550,Jeremy Hefner
595981,Scott Heineman
623168,Tyler Heineman
502317,Chris Heisey
621294,Ben Heller
476451,Jeremy Hellickson
664854,Ryan Helsley
115732,Todd Helton
592390,Heath Hembree
449104,Jim Henderson
543294,Kyle Hendricks
521230,Liam Hendriks
454535,Clay Hensley
628338,Guillermo Heredia
641684,Michael Hermosillo
514917,Cesar Hernandez
456696,David Hernandez
650382,Darwinzon Hernandez
622694,Elieser Hernandez
571771,Enrique Hernandez
433587,Felix Hernandez
491676,Gorkys Hernandez
642546,Jonathan Hernandez
115817,Livan Hernandez
434682,Luis Hernandez
593523,Marco Hernandez
150421,Ramon Hernandez
606192,Teoscar Hernandez
599096,Dilson Herrera
467070,Elian Herrera
468406,Jonathan Herrera
516969,Kelvin Herrera
546318,Odubel Herrera
594011,Rosell Herrera
543302,Chris Herrmann
605276,David Hess
452105,John Hester
518790,Chris Heston
676051,Codi Heuer
518792,Jason Heyward
543305,Aaron Hicks
518794,Brandon Hicks
543308,John Hicks
663855,Jordan Hicks
543309,Kyle Higashioka
657610,Trevor Hildenberger
431094,Aaron Hill
656541,Sam Hilliard
448179,Rich Hill
429718,Shawn Hill
518799,Steven Hill
657612,Tim Hill
648737,Dalier Hinojosa
400134,Eric Hinske
673633,Yoshihisa Hirano
669374,Keston Hiura
460024,Luke Hochevar
663538,Nico Hoerner
543321,L.J. Hoes
656546,Jeff Hoffman
116034,Trevor Hoffman
592407,Bryan Holaday
656547,Jonathan Holder
502706,Derek Holland
518813,Greg Holland
407812,Matt Holliday
605280,Clay Holmes
656550,Grant Holmes
571788,Brock Holt
641703,Brent Honeywell
543331,J.J. Hoover
456662,Jeremy Horst
656555,Rhys Hoskins
543333,Eric Hosmer
656557,Tanner Houck
605288,Adrian Houser
543334,T.J. House
429667,Ryan Howard
675921,Spencer Howard
434442,J.P. Howell
592419,Jared Hoying
624586,James Hoyt
543339,Daniel Hudson
641712,Dakota Hudson
407861,Orlando Hudson
218596,Tim Hudson
333492,Aubrey Huff
453307,David Huff
669087,Sam Huff
453172,Jared Hughes
471863,Luke Hughes
461833,Phil Hughes
543343,Danny Hultzen
458950,Philip Humber
460026,Nick Hundley
116338,Torii Hunter
488984,Tommy Hunter
571800,Drew Hutchison
666561,Jae-Gyun Hwang
455104,Chris Iannetta
116380,Raul Ibanez
579799,Ryota Igarashi
578428,Jose Iglesias
628452,Raisel Iglesias
542255,Ender Inciarte
500872,Gregory Infante
408299,Omar Infante
276346,Brandon Inge
608344,Cole Irvin
448170,Travis Ishikawa
116414,Jason Isringhausen
547874,Hisashi Iwakuma
493127,Akinori Iwamura
430895,Maicer Izturis
656577,Alex Jackson
457706,Austin Jackson
571804,Brett Jackson
433582,Conor Jackson
429719,Edwin Jackson
543351,Jay Jackson
592426,Luke Jackson
474249,Ryan Jackson
408312,Mike Jacobs
657624,Joshua James
457926,Paul Janish
608671,Travis Jankowski
643376,Danny Jansen
445276,Kenley Jansen
445163,Casey Janssen
444379,John Jaso
664299,Cristian Javier
445055,Jon Jay
641726,Daulton Jefferies
680777,Ryan Jeffers
502026,Jeremy Jeffress
554432,Chad Jenkins
408057,Bobby Jenks
543359,Dan Jennings
457775,Desmond Jennings
448178,Kevin Jepsen
116539,Derek Jeter
543362,A.J. Jimenez
650391,Eloy Jimenez
641729,Joe Jimenez
499864,Luis Jimenez
434622,Ubaldo Jimenez
598271,Brian Johnson
453400,Chris Johnson
430681,Dan Johnson
669288,Daniel Johnson
471107,Elliot Johnson
605304,Erik Johnson
462382,Jim Johnson
435178,Josh Johnson
430637,Kelly Johnson
608672,Micah Johnson
276376,Nick Johnson
407862,Reed Johnson
453531,Rob Johnson
489002,Steve Johnson
430945,Adam Jones
116662,Andruw Jones
116706,Chipper Jones
434540,Garrett Jones
663330,Jahmai Jones
571825,James Jones
592444,JaCoby Jones
518858,Nate Jones
666134,Nolan Jones
624507,Ryder Jones
518863,Taylor Jordan
543376,Caleb Joseph
543377,Corban Joseph
571830,Tommy Joseph
459964,Matt Joyce
592450,Aaron Judge
543380,Taylor Jungmann
596001,Jake Junis
642558,Ariel Jurado
457453,Jair Jurrjens
451500,Kila Ka'aihue
592454,Tommy Kahnle
501888,Ryan Kalish
628356,Jung Ho Kang
621076,Jame Kaprielian
675916,James Karinchak
501992,Nate Karns
444371,Jeff Karstens
493128,Munenori Kawasaki
641743,Anthony Kay
431148,Scott Kazmir
400290,Austin Kearns
605309,Keone Kela
672284,Jarred Kelenic
641745,Brad Keller
656605,Mitch Keller
518875,Shawn Kelley
543391,Casey Kelly
608348,Carson Kelly
430603,Don Kelly
523260,Joe Kelly
518876,Merrill Kelly
547184,Michael Kelly
571841,Ty Kelly
461314,Matt Kemp
643393,Tony Kemp
116974,Jason Kendall
435062,Howard Kendrick
452718,Kyle Kendrick
150456,Adam Kennedy
664028,Brett Kennedy
453178,Ian Kennedy
596146,Max Kepler
433898,Jeff Keppinger
477132,Clayton Kershaw
572971,Dallas Keuchel
666198,Carter Kieboom
571851,Spencer Kieboom
595281,Kevin Kiermaier
579328,Yusei Kikuchi
642584,Franklyn Kilome
518886,Craig Kimbrel
673490,Ha-seon Kim
547957,Hyun-soo Kim
547942,
643396,Isiah Kiner-Falefa
664068,Scott Kingery
592468,Nick Kingham
650633,Michael King
641755,Tyler Kinley
448337,Josh Kinney
435079,Ian Kinsler
445213,Brandon Kintzler
543401,Jason Kipnis
666135,Alex Kirilloff
672386,Alejandro Kirk
457779,Michael Kirkman
552640,Andrew Kittredge
623182,Patrick Kivlehan
571858,Branden Kline
446372,Corey Kluber
595284,Andrew Knapp
608349,Corey Knebel
668800,Andrew Knizner
571863,Matt Koch
543408,Tom Koehler
592473,Adam Kolarek
117244,Paul Konerko
502004,George Kontos
656629,Michael Kopech
445090,Bobby Korecky
425773,Casey Kotchman
117276,Mark Kotsay
435459,George Kottaras
450260,Kevin Kouzmanoff
663804,Jackson Kowar
518902,Pete Kozma
596012,Kevin Kramer
456124,Erik Kratz
665152,Dean Kremer
571871,Ian Krol
430585,Jason Kubel
605323,Kyle Kubitza
641771,Chad Kuhl
425539,Hong-Chih Kuo
493133,Hiroki Kuroda
407793,John Lackey
669370,Asa Lacy
502285,Tyler Ladendorf
444836,Aaron Laffey
501571,Juan Lagares
445933,Bryan LaHair
477186,Brandon Laird
408042,Gerald Laird
516809,Junior Lake
664042,Travis Lakins
503351,Blake Lalli
534606,Ryan LaMarre
663567,Peter Lambert
571875,Jake Lamb
543424,John Lamb
518911,Andrew Lambo
659275,Dinelson Lamet
407798,Ryan Langerhans
458709,John Lannan
453181,Matt LaPorta
425560,Adam LaRoche
600303,Tommy La Stella
502009,Mat Latos
641778,Eric Lauer
657656,Ramon Laureano
543432,Ryan Lavarnway
571882,Derek Law
596271,Casey Lawrence
543434,Brett Lawrie
434181,Brandon League
502190,Mike Leake
453281,Wade LeBlanc
600917,Jose Leclerc
459967,Sam LeCure
150324,Carlos Lee
424324,Cliff Lee
493193,Dae-Ho Lee
117601,Derrek Lee
666137,Khalil Lee
643410,Mark Leiter
518934,DJ LeMahieu
608678,Dominic Leone
506702,Sandy Leon
460092,Chris Leroux
452657,Jon Lester
407890,Colby Lewis
430930,Fred Lewis
641786,Kyle Lewis
668904,Royce Lewis
642736,Domingo Leyba
499926,Alex Liddi
400058,Brad Lidge
452121,Brent Lillibridge
150404,Ted Lilly
453311,Tim Lincecum
453184,Brad Lincoln
452252,Adam Lind
458676,Josh Lindblom
596019,Francisco Lindor
434637,Matt Lindstrom
624407,Tzu-Wei Lin
434538,Francisco Liriano
542642,Rymer Liriano
641793,Zack Littell
594902,Ben Lively
642528,Jonathan Loaisiga
446653,Jose Lobaton
543456,Kyle Lobstein
641796,Tim Locastro
502046,Jeff Locke
666157,Nick Lodolo
434180,Kameron Loe
457429,Boone Logan
346798,Kyle Lohse
543459,Steve Lombardozzi
425766,James Loney
446334,Evan Longoria
643418,Shed Long
621005,Tim Lopes
150479,Felipe Lopez
425657,Javier Lopez
430946,Jose Lopez
605347,Jorge Lopez
670032,Nicky Lopez
641154,Pablo Lopez
607257,Raffy Lopez
625643,Reynaldo Lopez
446641,Wilton Lopez
661255,Yoan Lopez
547179,Michael Lorenzen
518953,David Lough
571901,Aaron Loup
664040,Brandon Lowe
117955,Derek Lowe
666139,Josh Lowe
450275,Mark Lowe
663993,Nathaniel Lowe
476704,Jed Lowrie
664192,Joey Lucchesi
672773,Elvis Luciano
518960,Jonathan Lucroy
407886,Ryan Ludwick
458537,Cory Luebke
476595,Lucas Luetge
608475,Dawel Lugo
607625,Seth Lugo
656669,Jordan Luplow
544371,Donald Lutz
518963,Zach Lutz
666158,Gavin Lux
666200,Jesus Luzardo
543475,Jordan Lyles
663738,Daniel Lynch
458681,Lance Lynn
407193,Brandon Lyon
544928,Tyler Lyons
553988,Dixon Machado
592518,Manny Machado
466948,Jean Machi
605353,Vimael Machin
663611,Nick Madrigal
425492,Ryan Madson
628317,Kenta Maeda
543483,Matt Magill
641816,Tyler Mahle
430904,Paul Maholm
543484,Mikie Mahtook
430574,Mitch Maier
571912,Luke Maile
429720,John Maine
453186,Scott Maine
670867,Kevin Maitan
455117,Martin Maldonado
640455,Sean Manaea
641820,Trey Mancini
595307,Seth Maness
666159,Matt Manning
451788,Shaun Marcum
676606,Nick Margevicius
622534,Manuel Margot
545350,Jake Marisnick
455976,Nick Markakis
461791,Carlos Marmol
592530,Jose Marmolejos
543488,Nick Maronde
608566,German Marquez
150302,Jason Marquis
502029,Chris Marrero
571918,Deven Marrero
669016,Brandon Marsh
605359,Evan Marshall
445156,Sean Marshall
453974,Lou Marson
642564,Francis Martes
527043,Jefry Marte
606466,Ketel Marte
501687,Luis Marte
516782,Starling Marte
469690,Victor Marte
668885,Austin Martin
656685,Brett Martin
593372,Carlos Martinez
455119,Chris Martin
592533,Cody Martin
656686,Corbin Martin
450852,Cristhian Martinez
494686,Fernando Martinez
641829,Jason Martin
502110,J.D. Martinez
500874,Jose Martinez
547982,Leonys Martin
446208,Luis Martinez
492841,Michael Martinez
607259,Nick Martinez
605361,Nick Martini
621006,Richie Martin
431145,Russell Martin
400121,Victor Martinez
434665,Nick Masset
475416,Justin Masterson
518991,Darin Mastroianni
622761,Jorge Mateo
458628,Joe Mather
425772,Jeff Mathis
621500,Wyatt Mathisen
664208,Phil Maton
493137,Daisuke Matsuzaka
425686,Hideki Matsui
430565,Kazuo Matsui
458919,Ryan Mattheus
451085,Brian Matusz
554431,Tyler Matzek
571927,Steven Matz
408045,Joe Mauer
543506,Brandon Maurer
622194,Bruce Maxwell
452239,Justin Maxwell
460055,John Mayberry
457727,Cameron Maybin
669160,Dustin May
594577,Mike Mayers
608686,Jack Mayfield
594576,Jacob May
446474,Edwin Maysonet
543507,Trevor May
641835,Tim Mayza
608577,Nomar Mazara
502083,Zach McAllister
473724,Matt McBride
643436,Ryan McBroom
435263,Brian McCann
543510,James McCann
435221,Brandon McCarthy
641838,Kevin McCarthy
663556,Shane McClanahan
449072,Kyle McClellan
501873,Mike McClendon
453454,Mike McCoy
621121,Lance McCullers
457705,Andrew McCutchen
150021,Darnell McDonald
457428,James McDonald
150348,John McDonald
519008,T.J. McFarland
459429,Jake McGee
431171,Casey McGehee
430661,Dustin McGowan
573027,Chris McGuiness
624512,Reese McGuire
543521,Collin McHugh
656713,Brendan McKay
502374,Michael McKenry
663474,Triston McKenzie
641856,Billy McKinney
434661,Nate McLouth
641857,Ryan McMahon
643446,Jeff McNeil
519015,Kyle McPherson
640457,Austin Meadows
607644,John Means
219194,Gil Meche
523265,Tommy Medica
658431,Adonis Medina
500721,Yoervis Medina
450665,Kris Medlen
457425,Evan Meek
606167,Adalberto Mejia
448171,Ernesto Mejia
642336,Francisco Mejia
516769,Jenrry Mejia
623180,Seth Mejias-Brean
453343,Mark Melancon
543532,Tim Melville
622795,Yohander Mendez
664901,Danny Mendick
434669,Luis Mendoza
596043,Daniel Mengden
640458,Oscar Mercado
474568,Jordy Mercer
462810,Jesus Merchan
607320,Ryan Merritt
593160,Whit Merrifield
444859,Melky Mesa
673516,Victor Victor Mesa
519023,Devin Mesoraco
543542,Alex Meyer
641871,Keynan Middleton
519025,Will Middlebrooks
467726,Jose Mijares
571945,Miles Mikolas
425446,Aaron Miles
489119,Wade Miley
453192,Andrew Miller
543543,Brad Miller
656744,Jared Miller
461848,Jim Miller
502522,Justin Miller
451186,Lastings Milledge
680911,Owen Miller
571946,Shelby Miller
621219,Alec Mills
502166,Brad Mills
119154,Kevin Millwood
543548,Tommy Milone
573668,Juan Minaya
501985,Mike Minor
621345,A.J. Minter
664641,Ariel Miranda
571951,Bryan Mitchell
543551,D.J. Mitchell
663554,Casey Mize
150040,Jose Molina
425877,Yadier Molina
660162,Yoan Moncada
609275,Adalberto Mondesi
666160,Mickey Moniak
593423,Frankie Montas
524968,Jesus Montero
471083,Miguel Montero
606160,Rafael Montero
656756,Jordan Montgomery
543557,Mike Montgomery
446192,Adam Moore
621058,Andrew Moore
664238,Dylan Moore
519043,Matt Moore
445599,Scott Moore
489138,Tyler Moore
462985,Franklin Morales
434778,Kendrys Morales
206551,Melvin Mora
592567,Colin Moran
670970,Adrian Morejon
543569,Brent Morel
519048,Mitch Moreland
605388,Adam Morgan
460579,Nyjer Morgan
596049,Shawn Morimando
573046,Mike Morin
408047,Justin Morneau
621559,Max Moroff
606625,Reyes Moronta
457768,Bryan Morris
489149,Logan Morrison
453344,Brandon Morrow
434604,Michael Morse
450203,Charlie Morton
446861,Guillermo Moscoso
400291,Dustin Moseley
461235,Brandon Moss
150407,Guillermo Mota
435400,Jason Motte
600301,Taylor Motter
663624,Ryan Mountcastle
519058,Mike Moustakas
622382,Gabriel Moya
570615,Steven Moya
493247,Peter Moylan
465629,Edward Mujica
656775,Cedric Mullins
571970,Max Muncy
662253,Andres Munoz
622168,Yairo Munoz
461815,David Murphy
502517,Daniel Murphy
571974,John Ryan Murphy
669221,Sean Murphy
608596,Tom Murphy
605397,Joe Musgrove
608589,Ronnier Mustelier
408206,Brett Myers
571976,Wil Myers
294558,Xavier Nady
493141,Hiroyuki Nakajima
435063,Mike Napoli
571980,Tyler Naquin
553882,Omar Narvaez
429780,Chris Narveson
150274,Joe Nathan
537953,Daniel Nava
425900,Dioner Navarro
519068,Efren Navarro
647304,Josh Naylor
489166,Thomas Neal
502117,Kristopher Negron
663734,Nick Neidert
455126,Chris Nelson
519076,Jimmy Nelson
593576,Hector Neris
450212,Pat Neshek
641914,Sheldon Neuse
596720,Dovydas Neverauskas
623470,Jake Newberry
656794,Sean Newcomb
621028,Kevin Newman
547912,Gift Ngoepe
504379,Juan Nicasio
435081,Mike Nickeas
592593,Justin Nicolino
621512,Tomas Nido
435298,Jeff Niemann
477003,Jon Niese
543590,Kirk Nieuwenhuis
408242,Wil Nieves
607043,Brandon Nimmo
457292,Tsuyoshi Nishioka
434624,Jayson Nix
656798,Jacob Nix
425556,Laynce Nix
456051,Hector Noesi
605400,Aaron Nola
543592,Austin Nola
445060,Ricky Nolasco
543594,Sean Nolin
669738,Jake Noll
467099,Jordan Norberto
502032,Bud Norris
596057,Daniel Norris
519083,Derek Norris
641924,Jacob Nottingham
467100,Ivan Nova
624513,Dom Nunez
456488,Eduardo Nunez
600524,Renato Nunez
573064,Vidal Nuno
623184,Scott Oberg
519085,Brett Oberholtzer
598284,Peter O'Brien
503285,Darren O'Day
543606,Jake Odorizzi
596059,Rougned Odor
447714,Eric O'Flaherty
468396,Alexi Ogando
657434,Brian O'Grady
622217,Chris O'Grady
656811,Ryan O'Hearn
493200,Seung-hwan Oh
660271,Shohei Ohtani
660271,Shohei Ohtani
595345,Steven Okert
658668,Edward Olivares
666931,Jared Oliva
119984,Darren Oliver
493343,Hector Olivera
500902,Lester Oliveros
400018,Miguel Olivo
621566,Matt Olson
621397,Tyler Olson
592609,Mike Olt
502523,Shawn O'Malley
446185,Logan Ondrusek
641933,Tyler O'Neill
120044,Magglio Ordonez
449181,Paulo Orlando
434681,Pete Orr
542364,Rafael Ortega
120074,David Ortiz
656814,Luis Ortiz
592612,Josh Osich
591741,Jose Osuna
532077,Roberto Osuna
621261,Corey Oswalt
400061,Roy Oswalt
519096,Dan Otero
493603,Adam Ottavino
489189,Josh Outman
407489,Lyle Overbay
592614,Dillon Overton
670912,Johan Oviedo
434663,Juan Carlos Oviedo
596064,Henry Owens
572008,Chris Owings
452249,Micah Owings
542303,Marcell Ozuna
665506,Cristian Pache
457574,Jordan Pacheco
663978,Chris Paddack
218894,Vicente Padilla
434636,Angel Pagan
641941,Emilio Pagan
594953,Daniel Palka
643478,Joe Palumbo
605412,Joe Panik
623381,Thomas Pannone
449097,Jonathan Papelbon
660600,Enoli Paredes
670623,Isaac Paredes
517370,Jimmy Paredes
666560,Byung-ho Park
453284,Blake Parker
519105,Jarrod Parker
592620,Jarrett Parker
592621,Kyle Parker
476633,Chris Parmelee
458730,Bobby Parnell
467827,Gerardo Parra
448159,Manny Parra
641149,Wes Parsons
543629,Tyler Pastornicky
672715,Luis Patino
279913,Corey Patterson
461856,Troy Patton
456102,David Pauley
600944,David Paulino
609267,Dorssys Paulino
462956,Felipe Paulino
425661,Ronny Paulino
572019,Ben Paulsen
449082,Xavier Paul
134321,Carl Pavano
572020,James Paxton
592622,Mark Payton
572021,James Pazos
502748,Brad Peacock
456665,Steve Pearce
663878,Nate Pearson
408241,Jake Peavy
592626,Joc Pederson
456030,Dustin Pedroia
451713,Carlos Peguero
501317,Francisco Peguero
460059,Mike Pelfrey
430910,Brayan Pena
150289,Carlos Pena
570240,Felix Pena
506747,Francisco Pena
455369,Ramiro Pena
452254,Hunter Pence
460060,Cliff Pennington
207267,Brad Penny
444482,David Peralta
642547,Freddy Peralta
425509,Jhonny Peralta
407908,Joel Peralta
593974,Wandy Peralta
503449,Wily Peralta
606299,Jose Peraza
466412,Luis Perdomo
606131,Luis Perdomo
542208,Carlos Perez
453198,Chris Perez
672335,Cionel Perez
666206,Delvin Perez
516811,Eury Perez
658530,Franklin Perez
541650,Hernan Perez
448722,Juan Perez
469802,Luis Perez
527048,Martin Perez
605421,Michael Perez
424144,Oliver Perez
547379,Roberto Perez
521692,Salvador Perez
554234,Williams Perez
573088,Cameron Perkins
450282,Glen Perkins
502260,Vinnie Pestano
519128,Bryan Petersen
656849,David Peterson
596071,Dillon Peters
592637,D.J. Peterson
640460,Dustin Peterson
607054,Jace Peterson
451089,Shane Peterson
463610,Gregorio Petit
433589,Yusmeiro Petit
502593,Jake Petricka
120485,Andy Pettitte
543643,Jonathan Pettibone
502054,Tommy Pham
572033,Josh Phegley
543647,Cord Phelps
475479,David Phelps
408252,Brandon Phillips
621433,Brett Phillips
464426,Denis Phipps
429712,Felix Pie
334393,Juan Pierre
150229,A.J. Pierzynski
607680,Kevin Pillar
489209,Brett Pill
444489,Manny Pina
640461,Chad Pinder
501381,Michael Pineda
334492,Joel Pineiro
500887,Josmil Pinto
666207,Riley Pint
517369,Jose Pirela
572039,Stephen Piscotty
601713,Nick Pivetta
608700,Kevin Plawecki
668676,Zach Plesac
461858,Trevor Plouffe
592644,Adam Plutko
621363,Colin Poche
325392,Scott Podsednik
570256,Gregory Polanco
593871,Jorge Polanco
135784,Placido Polanco
572041,A.J. Pollock
519141,Drew Pomeranz
456421,Stuart Pomeranz
592647,Dalton Pompey
594965,Daniel Poncedeleon
519144,Rick Porcello
120691,Jorge Posada
457763,Buster Posey
572044,Brooks Pounders
621471,Boog Powell
445988,Martin Prado
502100,Alex Presley
519151,Ryan Pressly
456034,David Price
445095,Jason Pridie
572389,Josh Prince
595777,Jurickson Profar
643493,Austin Pruitt
543668,Stephen Pryor
527049,Cesar Puello
624577,Yasiel Puig
405395,Albert Pujols
640462,A.J. Puk
346857,Nick Punto
474029,Zach Putnam
407816,J.J. Putz
534812,Kevin Quackenbush
430589,Chad Qualls
615698,Cal Quantrill
435041,Carlos Quentin
596451,Roman Quinn
279827,Humberto Quintero
500779,Jose Quintana
435560,Omar Quintanilla
430605,Ryan Raburn
663432,Tanner Rainey
663728,Cal Raleigh
493351,Alexei Ramirez
133380,Aramis Ramirez
468517,Elvin Ramirez
541640,Erasmo Ramirez
434670,Hanley Ramirez
623912,Harold Ramirez
500724,JC Ramirez
608070,Jose Ramirez
542432,Jose Ramirez
120903,Manny Ramirez
519166,Neil Ramirez
598286,Nick Ramirez
598287,Noe Ramirez
430673,Ramon Ramirez
606162,Yefry Ramirez
670990,Yohan Ramirez
573109,A.J. Ramos
459987,Cesar Ramos
591693,Edubray Ramos
467092,Wilson Ramos
449060,Clay Rapada
458675,Colby Rasmus
474284,Cory Rasmus
656876,Drew Rasmussen
400010,Jon Rauch
592660,Rangel Ravelo
605435,
502051,Josh Ravin
641999,Corey Ray
592662,Robbie Ray
607067,Colin Rea
592663,J.T. Realmuto
489232,Anthony Recker
502210,Josh Reddick
445170,Todd Redmond
592665,Addison Reed
607223,A.J. Reed
642003,Cody Reed
605439,Michael Reed
608701,Rob Refsnyder
656887,Sean Reid-Foley
460099,Nolan Reimold
543685,Anthony Rendon
592669,Hunter Renfroe
650859,Luis Rengifo
434592,Chris Resop
519184,Ben Revere
621052,Alex Reyes
614177,Franmil Reyes
408314,Jose Reyes
655997,Jomar Reyes
622569,Pablo Reyes
622682,Victor Reyes
668804,Bryan Reynolds
448602,Mark Reynolds
519186,Matt Reynolds
608703,Matt Reynolds
121125,Arthur Rhodes
489242,Will Rhymes
453385,Clayton Richard
572070,Garrett Richards
670950,Trevor Richards
446341,Scott Richmond
572073,Joey Rickard
595375,J.T. Riddle
516589,Andre Rienzo
663586,Austin Riley
425567,Alex Rios
621458,Edwin Rios
553878,Felipe Vazquez
407487,Juan Rivera
121250,Mariano Rivera
425784,Rene Rivera
608061,T.J. Rivera
592680,Yadiel Rivera
519203,Anthony Rizzo
543699,Tanner Roark
406878,Brian Roberts
502085,David Robertson
543706,Daniel Robertson
621002,Daniel Robertson
673357,Luis Robert
440251,Ryan Roberts
502356,Tyler Robertson
519208,Clint Robinson
592685,Drew Robinson
677565,Kristian Robinson
453203,Shane Robinson
477054,Trayvon Robinson
570663,Hansel Robles
645302,Victor Robles
663898,Brendan Rodgers
593144,Richard Rodriguez
407845,Fernando Rodney
607074,Carlos Rodon
121347,Alex Rodriguez
444553,Aneury Rodriguez
605446,Dereck Rodriguez
593958,Eduardo Rodriguez
451775,Fernando Rodriguez
408061,Francisco Rodriguez
469159,Henry Rodriguez
514719,Henry Rodriguez
121358,Ivan Rodriguez
622446,Jefry Rodriguez
570257,Joely Rodriguez
677594,Julio Rodriguez
500135,Ronny Rodriguez
446481,Sean Rodriguez
572089,Paco Rodriguez
434643,Wandy Rodriguez
475054,Chaz Roe
469134,Esmil Rogers
595386,Jason Rogers
668670,Jake Rogers
449161,Mark Rogers
573124,Taylor Rogers
669432,Trevor Rogers
643511,Tyler Rogers
668942,Josh Rojas
500743,Miguel Rojas
121409,Scott Rolen
276519,Jimmy Rollins
605447,Jordan Romano
607219,Sal Romano
544836,Enny Romero
622864,Fernando Romero
460069,Ricky Romero
552662,Stefen Romero
461865,Andrew Romine
519222,Austin Romine
489265,Sergio Romo
541652,Bruce Rondon
444468,Hector Rondon
602922,Jose Rondon
667670,Brent Rooker
407822,Jorge De La Rosa
489267,Adam Rosales
642708,Amed Rosario
592696,Eddie Rosario
501647,Wilin Rosario
572095,Daniel Rosenbaum
572096,Trevor Rosenthal
425496,Cody Ross
424325,David Ross
605452,Joe Ross
543726,Robbie Ross
475115,Tyson Ross
400023,Aaron Rowand
434884,Ryan Rowland-Smith
607387,Ryan Rua
573131,Darin Ruf
448605,Justin Ruggiano
434563,Carlos Ruiz
614179,Jose Ruiz
660688,Keibert Ruiz
547004,Rio Ruiz
502130,Dan Runzler
519237,Cameron Rupp
543734,Chris Rusin
608365,Addison Russell
460701,James Russell
666164,Blake Rutherford
592710,Josh Rutledge
668939,Adley Rutschman
453895,Brendan Ryan
657746,Joe Ryan
594986,Kyle Ryan
547943,Hyun-Jin-Ryu
519240,Marc Rzepczynski
282332,CC Sabathia
594987,Casey Sadler
493416,Takashi Saito
573135,Tyler Saladino
477569,Fernando Salas
517593,Danny Salazar
519242,Chris Sale
457454,Jarrod Saltalamacchia
502188,Jeff Samardzija
592716,Adrian Sampson
572102,Keyvius Sampson
502253,Alex Sanabia
592717,Aaron Sanchez
506703,Adrian Sanchez
434671,Anibal Sanchez
570560,Yolmer Sanchez
500674,Eduardo Sanchez
408108,Freddy Sanchez
459991,Gaby Sanchez
596142,Gary Sanchez
516949,Hector Sanchez
660821,Jesus Sanchez
456043,Jonathan Sanchez
664350,Sixto Sanchez
506997,Tony Sanchez
467055,Pablo Sandoval
663776,Patrick Sandoval
543742,Jerry Sands
593934,Miguel Sano
623993,Anthony Santander
467793,Carlos Santana
542454,Danny Santana
642701,Dennis Santana
570267,Domingo Santana
650828,Edgar Santana
429722,Ervin Santana
276371,Johan Santana
502327,Hector Santiago
421124,Ramon Santiago
435045,Sergio Santos
543743,Dave Sappelt
596143,Luis Sardinas
543744,Josh Satin
434578,Joe Saunders
459431,Michael Saunders
599683,Warwick Saupold
457788,Jordan Schafer
502582,Logan Schafer
594988,Scott Schebler
489294,Tanner Scheppers
453286,Max Scherzer
435625,Nate Schierholtz
572114,Ryan Schimpf
657376,Clarke Schmidt
570731,Jonathan Schoop
621011,Max Schrock
435401,Skip Schumaker
656941,Kyle Schwarber
452737,Chris Schwinden
432928,Luke Scott
656945,Tanner Scott
519267,Evan Scribner
644428,Troy Scribner
668687,Andre Scrubb
340192,Marco Scutaro
608369,Corey Seager
572122,Kyle Seager
516416,Jean Segura
543760,Marcus Semien
622608,Antonio Senzatela
669222,Nick Senzel
622663,Luis Severino
600474,Pedro Severino
623149,Paul Sewald
594992,Kevin Shackelford
596101,Justin Shafer
572128,Richie Shaffer
643532,Sterling Sharp
543766,Bryan Shaw
622046,Chris Shaw
543768,Travis Shaw
282656,Ben Sheets
656954,Justus Sheffield
642073,Jimmie Sherfy
430941,George Sherrill
448306,James Shields
640463,Braden Shipley
533167,Matt Shoemaker
431159,Kelly Shoppach
592741,Chasen Shreve
543776,J.B. Shuck
543779,Kevin Siegrist
642423,Magnueris Sierra
501213,Moises Sierra
666888,Yaisel Sierra
400067,Carlos Silva
592743,Andrelton Simmons
623406,Shae Simmons
430580,Alfredo Simon
608371,Lucas Sims
663903,Brady Singer
572138,Jonathan Singleton
448609,Tony Sipp
642082,Chance Sisco
429713,Grady Sizemore
502003,Scott Sizemore
572140,Tyler Skaggs
543788,Kyle Skipworth
607215,Eric Skoglund
605474,Matt Skole
669373,Tarik Skubal
596103,Austin Slater
642083,Aaron Slegers
458713,Kevin Slowey
656970,Devin Smeltzer
572143,Burch Smith
605476,Carson Smith
592761,Caleb Smith
642086,Dominic Smith
596105,Dwight Smith Jr.
501925,Joe Smith
595001,Josh A. Smith
607345,Kevan Smith
605480,Mallex Smith
656976,Pavin Smith
642092,Riley Smith
452234,Seth Smith
519293,Will Smith
669257,Will Smith
475253,Justin Smoak
519294,Josh Smoker
519295,Jake Smolinski
592767,Drew Smyly
605482,Cy Sneed
605483,Blake Snell
430636,Ian Snell
501983,Travis Snider
474319,Brandon Snyder
430965,Chris Snyder
519299,Eric Sogard
669256,Nick Solak
456781,Donovan Solano
500208,Yangervis Solarte
624585,Jorge Soler
455378,Ali Solis
519301,Sammy Solis
150093,Alfonso Soriano
465657,Joakim Soria
400089,Rafael Soriano
647336,Mike Soroka
434567,Geovany Soto
642397,Gregory Soto
665742,Juan Soto
519306,Steven Souza Jr.
452655,Denard Span
605486,Cory Spangenberg
642098,Glenn Sparkman
448676,Ryan Spilborghs
543807,George Springer
605488,Jeffrey Springs
607732,Jacob Stallings
608715,Eric Stamets
489334,Craig Stammen
592773,Ryne Stanek
519317,Giancarlo Stanton
605490,Bubba Starling
595426,Brock Stassi
545358,Max Stassi
431162,Tim Stauffer
622251,Josh Staumont
608716,Drew Steckenrider
623451,Jackson Stephens
596112,Robert Stephenson
663886,Tyler Stephenson
664057,Andrew Stevenson
592779,Brock Stewart
455755,Chris Stewart
621514,Christin Stewart
621466,DJ Stewart
456655,Ian Stewart
640464,Kohl Stewart
502139,Josh Stinson
476594,Robert Stock
519322,Drew Storen
493547,Mickey Storey
596115,Trevor Story
621381,Matt Strahm
573185,Dan Straily
544931,Stephen Strasburg
608717,Chris Stratton
664702,Myles Straw
434718,Huston Street
519326,Hunter Strickland
548389,Ross Stripling
573186,Marcus Stroman
467008,Pedro Strop
452741,Michael Stutes
453211,Drew Stubbs
596117,Garrett Stubbs
445590,Eric Stults
544150,Albert Suarez
605498,Andrew Suarez
553993,Eugenio Suarez
660761,Jose Suarez
624133,Ranger Suarez
491696,Jesus Sucre
593833,Wander Suero
642121,Cole Sulser
572180,Andrew Susac
608718,Brent Suter
400085,Ichiro Suzuki
435559,Kurt Suzuki
621020,Dansby Swanson
657024,Erik Swanson
461872,Anthony Swarzak
572182,Darnell Sweeney
435220,Ryan Sweeney
596119,Blake Swihart
449881,R.J. Swindle
430897,Nick Swisher
592789,Noah Syndergaard
663378,Thomas Szapucki
519333,Matt Szczur
467798,Jose Tabata
592791,Jameson Taillon
538227,Hisanori Takahashi
452676,Mitch Talbot
547888,Masahiro Tanaka
606132,Raimel Tapia
605501,Stephen Tarpley
622253,Dillon Tate
599899,Yoshinori Tateyama
665487,Fernando Tatis Jr
643565,Mike Tauchman
665750,Leody Taveras
570805,Oscar Taveras
476531,Andrew Taylor
607333,Beau Taylor
621035,Chris Taylor
657031,Josh Taylor
572191,Michael Taylor
621438,Taylor Tyrone
547749,Junichi Tazawa
460003,Taylor Teagarden
433597,Mark Teahen
527054,Julio Teheran
407893,Mark Teixeira
123173,Miguel Tejada
514913,Ruben Tejada
660731,Anderson Tejeda
493574,Blake Tekotte
542513,Tomas Telis
642133,Rowdy Tellez
572193,Ryan Tepera
519344,Nick Tepesch
642136,Matt Thaiss
519346,Eric Thames
491159,Joe Thatcher
445612,Dale Thayer
444135,Ryan Theriot
489365,Josh Thole
476206,Justin Thomas
657041,Lane Thomas
123272,Jim Thome
622097,Jake Thompson
657044,Ryan Thompson
572204,Trayce Thompson
407819,Matt Thornton
663423,Trent Thornton
592804,Tyler Thornburg
626929,Lewis Thorpe
501957,Chris Tillman
605508,Charles Tilson
622786,Jesus Tinoco
624636,Carlos Tocci
592808,Andrew Toles
474521,Shawn Tolleson
476270,Steve Tolleson
630111,Yasmany Tomas
458708,Josh Tomlin
605509,Kelby Tomlinson
679529,Spencer Torkelson
647351,Abraham Toro
456776,Alex Torres
400083,Andres Torres
448614,Carlos Torres
650402,Gleyber Torres
600526,Jose Torres
620443,Luis Torrens
591720,Ronal Torreyes
150275,Yorvit Torrealba
657053,Touki Toussaint
541600,Wilfredo Tovar
429710,Chad Tracy
666211,Taylor Trammell
581527,Devon Travis
607752,Sam Travis
595014,Blake Treinen
624431,Jose Trevino
592811,Andrew Triggs
508892,Carlos Triunfel
642152,Lou Trivino
644433,Chadwick Tromp
607374,Nick Tropeano
545361,Mike Trout
444432,Mark Trumbo
660294,Yoshitomo Tsutsugo
657061,Cole Tucker
663656,Kyle Tucker
605512,Preston Tucker
592815,Sam Tuivailala
453064,Troy Tulowitzki
605513,Spencer Turnbull
545363,Jacob Turner
457759,Justin Turner
607208,Trea Turner
493157,Koji Uehara
462564,Dan Uggla
425834,Melvin Upton
457708,Justin Upton
570632,Jose Urena
620446,Richard Urena
628711,Julio Urias
649966,Luis Urias
346874,Juan Uribe
664353,Jose Urquidy
625329,Henry Urrutia
570482,Giovanny Urshela
400284,Chase Utley
642162,Pat Valaika
472528,Luis Valbuena
491624,Cesar Valdez
664285,Framber Valdez
451990,Jose Valdez
518170,Jordany Valdespin
570488,Phillips Valdez
447744,Raul Valdes
407832,Wilson Valdez
502143,Danny Valencia
591971,Breyvic Valera
407878,Jose Valverde
462995,Rick VandenHurk
642165,Josh VanMeter
475100,Scott Van Slyke
570714,Cesar Vargas
545121,Ildemaro Vargas
450306,Jason Vargas
573627,Kennys Vargas
662139,Daulton Varsho
460008,Anthony Varvaro
458220,Esmerling Vasquez
683734,Andrew Vaughn
543877,Christian Vazquez
134320,Javier Vazquez
592826,Vincent Velasquez
623205,Andrew Velazquez
584171,Hector Velazquez
461416,Will Venable
458924,Jonny Venters
570649,Yordano Ventura
407842,Jose Veras
657077,Ben Lively
572403,Drew VerHagen
434378,Justin Verlander
548337,Logan Verrett
493364,Dayan Viciedo
425664,Shane Victorino
600986,Thyago Vieira
500903,Brayan Villarreal
453646,Carlos Villanueva
570799,Christian Villanueva
542340,Jonathan Villar
650619,Meibrys Viloria
543883,Nick Vincent
519388,Josh Vitters
527055,Arodys Vizcaino
123744,Omar Vizquel
596129,Daniel Vogelbach
285064,Ryan Vogelsong
519390,Stephen Vogt
572228,Luke Voit
450172,Edinson Volquez
458690,Chris Volstad
608723,Austin Voth
458015,Joey Votto
608379,Michael Wacha
493159,Tsuyoshi Wada
460677,Cory Wade
664774,LaMonte Wade Jr
642180,Tyler Wade
123790,Billy Wagner
621097,Jacob Waguespack
592833,Bobby Wahl
425794,Adam Wainwright
477229,Jordan Walden
519393,Marcus Walden
448252,Kyle Waldrop
572233,Christian Walker
435522,Neil Walker
592836,Taijuan Walker
477165,Brett Wallace
595453,Chad Wallach
657088,Forrest Wall
476205,Josh Wall
595023,Colin Walsh
665120,Jared Walsh
502208,P.J. Walters
595025,Zach Walters
425426,Chien-Ming Wang
623913,Wei-Chung Wang
608380,Drew Ward
621493,Taylor Ward
476589,Adam Warren
671221,Drew Waters
453265,Tony Watson
450308,Jered Weaver
596133,Luke Weaver
425630,Brandon Webb
543900,Daniel Webb
657097,Jacob Webb
657277,Logan Webb
444436,Ryan Webb
643778,Tyler Webb
543901,Ryan Weber
543903,Allen Webster
457789,Jemile Weeks
430001,Rickie Weeks
475095,Kyle Weiland
666213,Colton Welker
489413,Casper Wells
448694,Randy Wells
150484,Vernon Wells
605525,J.B. Wendelken
621563,Joey Wendle
150029,Jayson Werth
150414,Jake Westbrook
572253,Ryan Wheeler
554430,Zack Wheeler
502229,Alex White
657108,Evan White
643603,Tyler White
595032,Chase Whitley
666215,Forrest Whitley
592858,Rowan Wick
642203,Taylor Widener
623364,Brad Wieck
543921,Joe Wieland
446308,Matt Wieters
421064,Ty Wigginton
452666,Tom Wilhelmsen
658792,Aaron Wilkerson
592859,Steve Wilkerson
642207,Devin Williams
425883,Dontrelle Willis
425532,Jerome Williams
425545,Josh Willingham
592863,Mason Williams
607776,Mac Williamson
608384,Nick Williams
592865,Taylor Williams
592866,Trevor Williams
543935,Alex Wilson
435064,Bobby Wilson
451216,Brian Wilson
669060,Bryse Wilson
450351,C.J. Wilson
458677,Justin Wilson
622259,Trey Wingenter
608385,Jesse Winker
595465,Dan Winkler
621550,Patrick Wisdom
276547,Dewayne Wise
605538,Matt Wisler
621295,Nick Wittgren
592879,Asher Wojciechowski
150116,Randy Wolf
547172,Tony Wolters
543939,Kolten Wong
622072,Alex Wood
502028,Blake Wood
457420,Brandon Wood
621056,Hunter Wood
134268,Kerry Wood
605540,Brandon Woodruff
445971,Tim Wood
475243,Travis Wood
519443,Brandon Workman
474699,Vance Worley
519445,Danny Worth
431151,David Wright
124604,Jamey Wright
657140,Kyle Wright
605541,Mike Wright
453214,Steven Wright
449079,Wesley Wright
642851,Austin Wynns
642231,Jimmy Yacabonis
685493,Shun Yamaguchi
657141,Jordan Yamamoto
642232,Ryan Yarbrough
573262,Mike Yastrzemski
489446,Kirby Yates
592885,Christian Yelich
593679,Gabriel Ynoa
425903,Kevin Youkilis
622065,Alex Young
432934,Chris Young
455759,Chris Young
430321,Delmon Young
458913,Eric Young
457568,Matt Young
276545,Michael Young
657145,Mark Zagunis
407296,Carlos Zambrano
446899,Brad Ziegler
605548,Bradley Zimmer
519455,Jordan Zimmermann
622092,Kyle Zimmer
475582,Ryan Zimmerman
217096,Barry Zito
450314,Ben Zobrist
676604,Tyler Zuber
572287,Mike Zunino
543964,Tony Zych
NA,Last Player
664196,Tanner Anderson
600968,Randy Rosario
621385,Daniel Stumpf
660875,Jesus Reyes
656803,James Norwood
596027,Dillon Maples
657117,Austen Williams
643466,Harrison Musgrave
592340,Erik Goeddel
656738,Ben Meyer
623465,Evan Phillips
621044,Jesmuel Valentin
608652,Luke Farrell
623167,Chris Flexen
642008,Jacob Rhame
657770,Eric Stout
642571,Merandy Gonzalez
650671,Jose Quijada
572383,Brian Moran
606303,Joel Payamps
658551,Junior Fernandez
660623,Huascar Ynoa
656977,Chad Sobotka
670036,Matt Festa
571539,Matt Carasiti
606959,Rookie Davis
656725,Alex McRae
670456,JD Hammer
656354,Austin Davis
641341,Tyler Bashlor
623402,Tim Peterson
656240,Scott Blewett
676220,Seth Elledge
622503,Nabil Crismatt
641739,Rob Kaminsky
663765,Jake Woodford
592094,Jason Adam
608335,Kyle Funkhouser
670167,John Schreiber
543867,Nik Turley
683232,Nick Mears
607572,Sam Howard
669270,Joel Kuhnel
621078,Brady Lail
641656,Ian Hamilton
